,store,sido_gu,address,phone
0,보라매역점,서울 영등포구,,02-845-1097
1,청주산남DT점,충북 청주시 서원구,,043-287-5731
2,청주강서점,충북 청주시 흥덕구,,043-263-8585
3,(춘)원주휴게소점 ,강원 원주시,,033-731-4291
4,평택이충DT점,경기 평택시,,031-667-7034
5,평택지산점,경기 평택시,,031-8029-9005
6,성주성밖숲점,경북 성주군,,054-933-2222
7,속초영랑해변점,강원 속초시,,033-637-0164
8,미사가로수길점,경기 하남시,,031-699-8674
9,개화산점,서울 강서구,,02-2064-1455
10,울산달동DT점,울산 남구,,052-275-3022
11,송도학원가점,인천 연수구,,032-204-7700
12,인천당하점,인천 서구,,032-561-1578
13,시흥은계점,경기 시흥시,,031-520-8147
14,신림역점,서울 관악구,,02-877-5596
15,대구수성네거리점,대구 수성구,,053-743-8700
16,인천서구청점,인천 서구,,032-569-1235
17,부산사상광장점,부산 사상구,,051-322-4117
18,이천갈산점,경기 이천시,,031-636-1791
19,경산휴게소점,경북 경산시,,053-853-5243
20,청주동남점,충북 청주시 상당구,,043-293-3030
21,김포한강메트로자이점,경기 김포시,,070-7680-7680
22,대방역점,서울 동작구,,02-825-6369
23,부천옥길점,경기 고양시 일산동구,,.
24,다산진건점,경기 남양주시,,070-7808-1221
25,가재울점,서울 서대문구,,02-304-0173
26,2001아울렛부평점,인천 부평구,,032-525-1002
27,울산삼산점,울산 남구,,052-260-1121
28,강남대로논현점,서울 강남구,,02-6012-2372
29,대전호텔ICC점,대전 유성구,,042-866-5104
30,홍대거리점,서울 마포구,,02-323-3795
31,(하)평택휴게소1호점,경기 평택시,,031-683-4800
32,광주북구청점,광주 북구,,062-511-8002
33,부산센텀시티점,부산 해운대구,,051-755-9100
34,하남미사역점,경기 하남시,,031-8027-6979
35,창원귀산점,경남 창원시 성산구,,055-266-1353
36,대구세천점,대구 달성군,,053-581-6758
37,의정부로데오점,경기 의정부시,,031-848-1674
38,속초엑스포점,강원 속초시,,033-638-2123
39,광교호수점,경기 수원시 영통구,,031-217-8797
40,부산괴정휴마트점,부산 사하구,,070-4647-1455
41,범계로데오점,경기 안양시 동안구,,031-8033-7562
42,안산중앙역점,경기 안산시 단원구,,031-484-2002
43,오산시청점,경기 오산시,,031-378-8778
44,양재역1호점,서울 서초구,,02-578-6630
45,청주봉명점,충북 청주시 흥덕구,,043-260-6669
46,청주NC백화점CGV점,충북 청주시 흥덕구,,070-4153-5598
47,수락산역점,서울 노원구,,02-951-3266
48,망우점,서울 중랑구,,070-7707-0042
49,구로거리공원점,서울 구로구,,02-838-7008
50,낙산해수욕장점,강원 양양군,,033-672-7271
51,안산한대앞점,경기 안산시 상록구,,031-419-2131
52,익산부송점,전북 익산시,,063-832-1717
53,양주삼숭DI점,경기 양주시,,031-848-5375
54,교대역점,서울 서초구,,02-521-8944
55,오류동역점,서울 구로구,,02-6405-3800
56,파주운정역점,경기 파주시,,031-957-6200
57,스틸랜드점,경기 시흥시,,032-321-3976
58,제부도점,경기 화성시,,031-357-6399
59,다산센트럴점,경기 남양주시,,070-8670-1240
60,인제점,강원 인제군,,033-461-7767
61,가오CGV점,대전 동구,,042-273-7400
62,청주분평점,충북 청주시 서원구,,043-292-5105
63,안암오거리점,서울 성북구,,02-924-3339
64,당진시청점,충남 당진시,,070-8808-1040
65,익산영등점,전북 익산시,,063-918-2211
66,수원SKV1모터스점,경기 수원시 권선구,,031-293-8810
67,구로디지털단지역점,서울 구로구,,02-851-3365
68,공덕경의선숲길점,서울 마포구,,02-701-3967
69,(하)옥천휴게소점,충북 옥천군,,043-731-8521
70,울산신정점,울산 남구,,052-260-0900
71,평촌점,경기 안양시 동안구,,031-385-3400
72,진해속천점,경남 창원시 진해구,,055-547-9777
73,청주율량현대점,충북 청주시 청원구,,043-241-0005
74,대구상인점,대구 달서구,,053-641-9522
75,하남미사강변점,경기 하남시,,031-796-1486
76,칠곡왜관점,경북 칠곡군,,054-977-8255
77,홍대역2번출구점,서울 마포구,,02-332-8079
78,가락시장역점,서울 송파구,,02-3401-5337
79,화성능동DT점,경기 화성시,,031-221-7286
80,인천시청점,인천 남동구,,032-433-0704
81,밀양킹콩점,경남 밀양시,,055-351-0056
82,경북대북문점,대구 북구,,053-951-9990
83,이천마장점,경기 이천시,,070-4647-0081
84,울산성남점,울산 중구,,052-211-4741
85,양평점,경기 양평군,,031-775-1157
86,김포시청점,경기 김포시,,031-996-1388
87,안산선부점,경기 안산시 단원구,,031-411-9733	
88,(천)이인휴게소점,충남 공주시,,041-856-8351
89,화정역점,경기 고양시 덕양구,,070-7514-8707
90,군산새만금산단점,전북 군산시,,063-468-4100
91,다산한강점,경기 남양주시,,031-592-3118
92,상암DDMC점,서울 마포구,,070-4445-2428
93,일산문촌마을점,경기 고양시 일산서구,,070-7797-3247
94,덕양구청점,경기 고양시 덕양구,,070-4647-0030
95,(하)서천휴게소점,충남 서천군,,041-952-5757
96,전주에코시티세병호점,전북 전주시 덕진구,,063-255-3000
97,다산리코빌파크뷰점,경기 남양주시,,031-523-3948
98,서대문농협생명빌딩점,서울 서대문구,,02-364-7787
99,(하)오창휴게소점,충북 청주시 청원구,,043-217-1477
100,(하)옥산휴게소점,충북 청주시 흥덕구,,043-260-1053
101,(하)화성휴게소점,경기 화성시,,031-353-8140
102,(상)화성휴게소점,경기 화성시,,031-353-8143
103,가산점,서울 금천구,,02-862-7940
104,김포지식산업센터점,경기 김포시,,070-4953-9475
105,군포IT밸리점,경기 군포시,,031-8086-8211
106,광양중동점,전남 광양시,,061-795-6600
107,대구이월드점,대구 달서구,,053-620-0001
108,세종가람DT점,세종 세종시,,044-865-8882
109,대전문지점,대전 유성구,,042-861-6947
110,대구범어천로점,대구 수성구,,053-759-5779
111,마곡나인스퀘어점,서울 강서구,,02-2664-7876
112,전주아중점,전북 전주시 덕진구,,063-246-2203
113,청주명암레이크점,충북 청주시 상당구,,0507-1384-9696
114,인천공항T1점,인천 중구,,032-743-3716
115,이천하이닉스점,경기 이천시,,031-8094-8747
116,수유사거리점,서울 강북구,,070-5226-1999
117,명동퍼시픽호텔점,서울 중구,,02-3789-8747
118,천안펜타포트점,충남 천안시 서북구,,070-8820-3117
119,아시아선수촌점,서울 송파구,,02-412-3260
120,보라매병원점,서울 동작구,,02-831-3085
121,광주수완2호점,광주 광산구,,062-959-3327
122,수원망포점,경기 수원시 영통구,,031-204-0065
123,세종어반아트리움점,세종 세종시,,070-8800-3998
124,무악재역점,서울 서대문구,,02-6406-0046
125,대전한남대점,대전 대덕구,,070-4109-5800
126,(하)마장휴게소점,경기 이천시,,없음
127,화성조암점,경기 화성시,,031-358-3567
128,오산수청점,경기 오산시,,031-377-5823
129,부천송내본점,경기 부천시 원미구,,032-321-2007
130,부산일광해안로점,부산 기장군,,051-721-7458
131,공덕점,서울 마포구,,02-701-5785
132,(상)예산휴게소점,충남 예산군,,없음
133,약수역점,서울 중구,,02-2233-0866
134,대구성서점,대구 달서구,,053-584-5702
135,부산아트몰링영풍문고점,부산 사하구,,051-201-0621
136,영등포사거리점,서울 영등포구,,02-2632-2231
137,동탄점,경기 화성시,,031-8003-9039
138,울산야음점,울산 남구,,052-276-3535
139,양주테크노점,경기 양주시,,031-830-1700
140,고대안암병원점,서울 성북구,,02-921-3062
141,신촌연세로점,서울 서대문구,,02-322-3684
142,용인명지대점,경기 용인시 처인구,,070-4042-3118
143,용산아이파크몰 영풍문고점,서울 용산구,,070-8835-5073
144,BMC점,경기 고양시 일산동구,,031-961-5692
145,국민연금공단점,전북 전주시 덕진구,,063-221-5072
146,부산금강식물원점,부산 금정구,,051-517-1110
147,선유도역점TS카페,서울 영등포구,,02-6267-6800
148,구로역점,서울 구로구,,02-862-3216
149,포천송우점,경기 포천시,,031-541-5130
150,공덕역북카페점,서울 마포구,,없음
151,부안격포채석강점,전북 부안군,,063-584-0011
152,대구관음점,대구 북구,,053-324-6122
153,대전가장점,대전 서구,,042-365-0365
154,대전신성점,대전 유성구,,042-862-3335
155,영종운서점,인천 중구,,032-746-1210
156,왕십리역점,서울 성동구,,02-2200-1303
157,천안쌍용점,충남 천안시 서북구,,041-563-4700
158,천호로데오점,서울 강동구,,02-6425-5147
159,전경련회관점,서울 영등포구,,02-786-3485
160,부산중앙역점,부산 중구,,051-253-8883
161,양산부산대병원치과동점,경남 양산시,,070-4442-0608
162,양산부산대병원본점,경남 양산시,,055-362-4582
163,하남덕풍점,경기 하남시,,031-792-9389
164,부산백양대로점,부산 사상구,,051-311-5399
165,선릉역점,서울 강남구,,02-6196-7935
166,간석오거리점,인천 남동구,,032-425-0915
167,한양대병원점,서울 성동구,,02-2281-2116
168,서초마제스타시티점,서울 서초구,,02-6411-0063
169,위례중앙점,경기 성남시 수정구,,031-755-5064
170,(인)강릉휴게소점,강원 강릉시,,.
171,월곶점,경기 시흥시,,031-404-7966
172,대전만년점,대전 서구,,042-485-9777
173,(하)선산휴게소점,경북 구미시,,.
174,화성융건릉점,경기 수원시,,031-224-6999
175,양주옥정점,경기 양주시,,070-7576-2918
176,대전탄방점,대전 서구,,042-482-8425
177,서전주DT점,전북 전주시 완산구,,063-901-0802
178,김포한강생태공원점,경기 김포시,,031-996-2000
179,영종덕교점,인천 중구,,032-751-3264
180,부산명륜역점,부산 동래구,,051-557-7811
181,진주평거점,경남 진주시,,055-745-9633
182,(하)황간휴게소점,충북 영동군,,043-742-5805
183,(상)황간휴게소점,충북 영동군,,043-742-7633
184,아주대병원점,경기 수원시 영통구,,031-211-5718
185,(상)홍천휴게소점,강원 홍천군,,033-436-9000
186,대구수성못점,대구 수성구,,053-761-5655
187,대전은행본점,대전 중구,,042-222-3288
188,울산시청점,울산 남구,,070-7733-7108
189,천안신부점,충남 천안시 동남구,,041-566-5085
190,동대구역사점,대구 동구,,053-942-1033
191,종로5가점,서울 종로구,,02-2266-1989
192,부산덕천점,부산 북구,,051-342-8835
193,부평로데오점,인천 부평구,,032-505-7130
194,충북오송점,충북 청주시 흥덕구,,043-239-0075
195,여의도파이낸스타워점,서울 영등포구,,02-761-3154
196,부산대학교병원2호점,부산 서구,,051-231-9475
197,부산대학교병원1호점,부산 서구,,051-231-9648
198,김포농협본점,경기 김포시,,031-986-7932
199,인덕원점,경기 안양시 동안구,,031-426-1800
200,종로DGB점,서울 중구,,02-310-9315
201,서울대병원점,서울 종로구,,02-741-5815
202,가양점,서울 강서구,,02-2093-2977
203,구로디지털뉴스테이점,서울 영등포구,,070-7547-4100
204,경주보불로점,경북 경주시,,054-744-7700
205,울산명촌점,울산 북구,,052-289-9905
206,충남도청점,충남 홍성군,,041-631-4725 
207,전북김제점,전북 김제시,,063-547-9600
208,대구침산네거리점,대구 북구,,053-353-5544
209,부산명륜자이점,부산 동래구,,051-554-1001
210,대전역점,대전 동구,,없음
211,센터포인트점,서울 종로구,,02-6031-6213
212,홍대입구역점,서울 마포구,,02-322-3584
213,신사역사거리점,서울 강남구,,02-511-5340
214,마두역점,경기 고양시 일산동구,,070-8866-7558
215,군산미장점,전북 군산시,,063-442-8777
216,백석예술대학교점,서울 서초구,,02-585-9150
217,대전오류점,대전 중구,,042-522-3141
218,카페테리아&삼성점,서울 강남구,,2188-7100
219,역삼테헤란점,서울 강남구,,02-501-3573
220,대구현풍테크노점,대구 달성군,,053-267-3338
221,군산선유도점,전북 군산시,,063-464-9314
222,용산리첸시아점,서울 용산구,,02-6012-6596
223,전남장흥점,전남 장흥군,,061-862-0119
224,충남대점,대전 유성구,,070-7543-1009
225,화성병점점,경기 화성시,,031-239-0455
226,구리수택점,경기 구리시,,031-551-0988
227,난곡사거리점,서울 관악구,,02-865-0012
228,신정네거리역점,서울 양천구,,02-2645-9957
229,구미CGV점,경북 구미시,,054-604-0375
230,역곡역점,경기 부천시 원미구,,070-8887-4965
231,오산대역DT점,경기 오산시,,031-372-9750
232,을지로입구점,서울 중구,,02-318-6381
233,구미금오산점,경북 구미시,,054-441-4452
234,(하)매송휴게소점,경기 화성시,,없음
235,(상)매송휴게소점,경기 화성시,,없음
236,창원팔용점,경남 창원시 의창구,,055-298-3434
237,전주남천교점,전북 전주시 완산구,,063-232-6000
238,전남대상대점,광주 북구,,062-511-0389
239,여수소호점,전남 여수시,,061-684-8254
240,수지동천갤러리점,경기 용인시 수지구,,031-2761-3600
241,부산연산점,부산 연제구,,051-989-3296
242,대구침산점,대구 북구,,053-353-5412
243,대구안심점,대구 동구,,053)552-2220
244,(하)홍천휴게소점,강원 홍천군,,.
245,동탄카림애비뉴점,경기 화성시,,031-372-1650
246,봉담원희캐슬점,경기 화성시,,031-5183-3817
247,대구동성로점,대구 중구,,053-252-6307
248,응암역점,서울 은평구,,02-3152-2910
249,김포운양점,경기 김포시,,031-986-2260
250,상남중앙점,경남 창원시 성산구,,055-261-5925
251,인천주안역점,인천 남구,,032-425-1793
252,춘천명동점,강원 춘천시,,033-251-3789
253,울산삼산대로점,울산 남구,,052-293-2234
254,구리장자호수공원점,경기 구리시,,031-568-7232
255,이대점,서울 서대문구,,02-392-1008
256,제주협재해변점,제주 제주시,,064-796-1780
257,대구두류공원점,대구 달서구,,053-626-1033
258,동대구환승센터점,대구 동구,,053-742-0614
259,광주문흥점,광주 북구,,062-265-4931
260,수원경인일보점,경기 수원시,,031-226-0530
261,부산광안해변점,부산 수영구,,051-752-4551
262,파주야당역점,경기 파주시,,031 946 4823
263,목동예술인회관점,서울 양천구,,02-2655-1300
264,당고개역점,서울 노원구,,02-951-1029
265,원당점,경기 고양시 덕양구,,031-964-7785
266,(하)괴산휴게소점,충북 괴산군,,043-832-7966
267,(상)보성녹차휴게소점,전남 보성군,,070-4325-8801
268,(하)보성녹차휴게소점,전남 보성군,,070-4325-8808
269,부산사상점,부산 사상구,,051-313-6300
270,선릉샹제리제점,서울 강남구,,02-501-4255
271,양주고읍점,경기 양주시,,031-843-0078
272,안양엠타워컨벤션점,경기 안양시,,031-469-0202
273,인천연수CGV점,인천 연수구,,032-456-4499
274,(상)추풍령휴게소점,경북 김천시,,054-439-3187
275,울산풍차DT점,울산 북구,,052-292-8181
276,서초점,서울 서초구,,02-522-8843
277,마곡퀸즈파크나인점,서울 강서구,,02 6421 9888
278,용인흥덕점,경기 용인시 기흥구,,031-217-7393
279,시흥하늘휴게소점,경기 시흥시,,070-4233-9004
280,대전타임월드점,대전 서구,,042-489-1315
281,남악신도시점,전남 무안군,,061-282-8280
282,대구디아크점,대구 달성군,,053-591-2209
283,(상)장안휴게소점,부산 기장군,,051-727-3714
284,(하)장안휴게소점,부산 기장군,,051-727-3647
285,경남통영점,경남 통영시,,055-649-1314
286,모다아울렛구리점,경기 구리시,,031-514-8194
287,성동구청점,서울 성동구,,02-2291-5354
288,충무로역점,서울 중구,,02-2268-8960
289,(상)마장휴게소점,경기 이천시,,031-630-0001
290,세종소담DI점,세종 세종시,,044-862-9027
291,부산BIFF광장점,부산 중구,,051-242-6552
292,부산역사점,부산 동구,,051-441-0918
293,부산해운대비치점,부산 해운대구,,055-731-5253
294,광주일곡점,광주 북구,,070-7716-0123
295,양주점,경기 양주시,,031-868-5779
296,당진푸르지오점,충남 당진시,,041-354-2004
297,대전전민점,대전 유성구,,042-389-2831
298,대구봉무공원점,대구 동구,,053-984-3001
299,아산마트점,충남 아산시,,041-548-6060
300,에벤에셀빌딩점,서울 영등포구,,02-2069-0773
301,홍천점,강원 홍천군,,033-432-3368
302,광주시청로점,광주 서구,,062-384-4401
303,목포하당점,전남 목포시,,061-283-9800
304,(상)삼국유사군위휴게소점,경북 군위군,,0
305,김천혁신도시점,경북 김천시,,054-433-4333
306,대구팔달교DT점,대구 서구,,053-341-9595
307,수원호매실역점,경기 수원시,,031-278-1717
308,진해경화점,경남 창원시,,055-547-9906
309,별내카페거리점,경기 남양주시,,031-574-5655
310,파주탄현점,경기 파주시,,031-947-9477
311,(상)안성휴게소점,경기 안성시,,x
312,광주우산점,광주 광산구,,062-956-6582
313,군산수송점,전북 군산시,,063-467-9500
314,장승배기역점,서울 동작구,,02-812-9330
315,동탄호수공원점,경기 화성시,,031-373-5223
316,수원인계점,경기 수원시,,031-222-6842
317,영종하늘도시점,인천 중구,,032-752-1761
318,서대문역점,서울 서대문구,,02-313-0807
319,신림고시촌점,서울 관악구,,02-871-0777
320,(하)백양사휴게소점,전남 장성군,,061-394-9990
321,동부산우체국점,부산 동구,,051-631-3193
322,KTX광명역푸드코트점,경기 광명시,,02-899-1530
323,안산로데오점,경기 안산시 단원구,,031-405-7337
324,양산석산점,경남 양산시,,055-366-7200
325,양산원동점,경남 양산시,,055-372-0268
326,광주금호점,광주 서구,,062-385-0725
327,동대문역사문화공원점,서울 중구,,02-2272-3331
328,인천엠파크허브점,인천 서구,,032-265-0103
329,나주빛가람혁신도시점,전남 나주시,,061-334-5466
330,목포상동점,전남 목포시,,070-4416-4254
331,대구본리점,대구 달서구,,053-553-3002
332,명지국제신도시점,부산 강서구,,051-271-5600
333,유스퀘어CGV점,광주 서구,,062-351-4687
334,(상)칠곡휴게소점,경북 칠곡군,,054-975-1883
335,(하)칠곡휴게소점,경북 칠곡군,,054-975-2277
336,김해구산점,경남 김해시,,055-323-8123
337,광주오치점,광주 북구,,062-251-5684
338,광주운남점,광주 광산구,,062-951-5979
339,익산어양점,전북 익산시,,063-832-4700
340,전주백제대로점,전북 전주시 덕진구,,063-271-5056
341,의정부민락점,경기 의정부시,,031-851-3633
342,수원팔달문점,경기 수원시,,031-242-9990
343,동천안우체국점,충남 금산군,,041-522-5024
344,(상)사천휴게소점,경남 사천시,,055-854-3574
345,(하)사천휴게소점,경남 사천시,,055-854-3134
346,울산태화강공원점,울산 중구,,010-3946-0100
347,전북도청점,전북 전주시 완산구,,063-228-4005
348,전북부안점,전북 부안군,,063-581-0620
349,별내북부역점,경기 남양주시,,031-555-0128
350,한양대시티빌점,서울 성동구,,02-2299-9934
351,(부)원주휴게소점,강원 원주시,,033-731-4291
352,동해촛대바위점,강원 동해시,,033-522-0117
353,울산역사점,울산 울주군,,052-254-6024
354,이천점,경기 이천시,,031-635-6655
355,경산중방점,경북 경산시,,053-814-9980
356,울산공항1호점,울산 북구,,052-289-5525
357,울산공항2호점,울산 북구,,없음
358,포항장성점,경북 포항시,,054-241-1177
359,논현역점,서울 서초구,,02-515-1162
360,포이사거리점,서울 서초구,,070-4409-4246
361,늘봄농원점,경기 고양시 덕양구,,070-4160-4216
362,광교테크노밸리점,경기 수원시,,031-217-8022
363,부산송도점,부산 서구,,051-255-6100
364,평택서재점,경기 평택시,,031-651-2750
365,원주단계택지점,강원 원주시,,033-745-5007
366,영광백수해안도로점,전남 영광군,,061-353-5866
367,수서점,서울 강남구,,02-451-0723
368,수원오목천점,경기 수원시,,031-291-7933
369,분당미금점,경기 성남시,,031-627-4727
370,(상)군위휴게소점,경북 군위군,,054-383-6114
371,(논)탄천휴게소점,충남 공주시,,041-854-3521
372,양산신도시점,경남 양산시,,055-366-0268
373,전북대덕진광장점,전북 전주시 덕진구,,063-272-2400
374,(상)지리산휴게소점,전북 남원시,,063-636-7191
375,(하)지리산휴게소점,전북 남원시,,063-636-7195
376,여수웅천점,전남 여수시,,061-681-2522
377,대구장기점,대구 달서구,,053-522-0666
378,(상)남성주휴게소점,경북 성주군,,054-931-5742
379,전북대병원점,전북 전주시 덕진구,,063-250-2428
380,고속터미널영동선점,서울 서초구,,02-591-1555
381,(상)옥천휴게소점,충북 옥천군,,043-731-8096
382,(서)죽전휴게소점,경기 용인시 수지구,,0
383,세종어진점,세종 세종시,,070-7766-1589
384,대구동천점,대구 북구,,053-321-0099
385,(상)외동휴게소점,경북 경주시,,054-745-0631
386,부산다대포전망대점,부산 사하구,,051-265-9191
387,(하)남성주휴게소점,경북 성주군,,054-933-7105
388,부산대연점,부산 남구,,051-621-0303
389,안양역점,경기 안양시,,031-466-2879
390,대전도안마을점,대전 유성구,,042-826-6080
391,전주하가점,전북 전주시 덕진구,,063-275-1230
392,구로점,서울 구로구,,02-2025-0255
393,고양행신점,경기 고양시 덕양구,,031-938-4055
394,대구범어점,대구 수성구,,053-761-2187
395,인계써드아이점,경기 수원시,,031-232-0727
396,아산우체국점,충남 아산시,,041-548-5024
397,천안두정역점,충남 천안시,,041-566-5148
398,동해묵호점,강원 동해시,,033-534-8902
399,경주황성점,경북 경주시,,054-701-1234
400,가산디지털단지점,서울 금천구,,02-2028-7111
401,목포평화점,전남 목포시,,061-285-0365
402,KBS본관점,서울 영등포구,,02-2090-7007
403,(하)단양휴게소점,충북 단양군,,043-423-5401
404,대전반석역점,대전 유성구,,042-714-5808
405,광주조선대점,광주 동구,,062-416-3647
406,전북고창점,전북 고창군,,063-564-3357
407,(상)거창휴게소점,경남 거창군,,055-943-0992
408,(서)양산휴게소점,경남 양산시,,055-384-0144
409,(하)거창휴게소점,경남 거창군,,055-943-0992
410,신림사거리점,서울 관악구,,02-877-1433
411,평촌스마트스퀘어점,경기 안양시,,031-421-8097
412,청주성모병원점,충북 청주시 청원구,,070-7761-0015
413,(하)안성휴게소점,경기 안성시,,031-655-0531
414,전주한옥마을점,전북 전주시 완산구,,063-288-0801
415,(상)화서휴게소점,경북 상주시,,054-531-1982
416,(상)안성맞춤휴게소점,경기 안성시,,031-673-3822
417,(하)안성맞춤휴게소점,경기 안성시,,031-674-4406 
418,대전롯데점,대전 서구,,042-528-2155
419,라페스타입구점,경기 고양시 일산동구,,031-904-1991
420,의정부시청점,경기 의정부시,,031-826-0009
421,대전유성온천점,대전 유성구,,042-825-2023
422,전주시네마점,전북 전주시 완산구,,063-232-2240
423,신사역점,서울 서초구,,02-517-3789
424,청주율량점,충북 청주시 청원구,,043-216-1990
425,대전관저점,대전 서구,,042-542-8080
426,인천검단사거리점,인천 서구,,070-7766-4494
427,울산간절곶해맞이점,울산 울주군,,052-239-5336
428,전주혁신도시점,전북 전주시 완산구,,063-221-3361
429,천안두정점,충남 천안시 서북구,,041-574-0013
430,오창점,충북 청주시 청원구,,043-218-2998
431,(춘)치악휴게소점,강원 원주시,,033-762-8129
432,대림역점,서울 영등포구,,02-834-1000
433,(강)여주휴게소점,경기 여주시,,031-882-3120
434,평택점,경기 평택시,,031-651-1223
435,충북진천점,충북 진천군,,043-534-8584
436,청라센터시아점,인천 서구,,032-567-1192
437,순천금당점,전남 순천시,,061-724-7159
438,광주하남점,광주 광산구,,070-4157-5092
439,김포골드밸리점,경기 김포시,,031-998-7233
440,수원영통점,경기 수원시,,031-202-3356
441,남부터미널점,서울 서초구,,02-584-9500
442,청주성화점,충북 청주시 서원구,,043-233-6296
443,고덕리앤파크점,서울 강동구,,02-441-1121
444,원주중앙점,강원 원주시,,033-748-1188
445,전주송천점,전북 전주시 덕진구,,063-275-3308
446,익산모현점,전북 익산시,,063-842-8420
447,비엔날레점,광주 북구,,062)515-5715
448,송천솔내점,전북 전주시 덕진구,,063-291-8000
449,한티역점,서울 강남구,,02-538-8886
450,강릉항마리나점,강원 강릉시,,070-8816-6543
451,광주첨단점,광주 광산구,,062-434-0200
452,광주수완점,광주 광산구,,070-8831-1052
453,동백CGV점,경기 용인시 기흥구,,031-679-0479
454,부산수영로터리점,부산 수영구,,070-4239-7541
455,일산레이킨스몰점,경기 고양시 일산서구,,031 916 1289
456,(부)치악휴게소점,강원 원주시,,033-762-8128
457,간석역남부점,인천 남동구,,032-427-7935
458,충정래미안점,서울 중구,,02-363-1388
459,인천소래역점,인천 남동구,,032-422-4595
460,동판교M타워점,경기 성남시,,031-8017-7557
461,거제수월점,경남 거제시,,055-636-7648
462,북가좌점,서울 서대문구,,02-372-5556
463,시화이마트점,경기 시흥시,,031-499-9177
464,수원대학교점,경기 화성시,,031-224-3856
465,수원성대역점,경기 수원시,,031-309-1660
466,광주풍암점,광주 서구,,062-652-5505
467,한가람문구점,서울 서초구,,02-536-6238
468,철산점,경기 광명시,,02-2060-9959
469,하남아이테코점,경기 하남시,,031-790-1513
470,충북대점,충북 청주시 흥덕구,,043-266-2248
471,천호베네시티점,서울 강동구,,02-476-1122
472,(하)군위휴게소점,경북 군위군,,070-4162-5309
473,노원역점,서울 노원구,,02-930-1744
474,충주연수점,충북 충주시,,043-856-5656
475,굽은다리역점,서울 강동구,,02-488-5077
476,송도IT점,인천 연수구,,032-209-7979
477,은평구청점,서울 은평구,,02-359-8880
478,(하)문경휴게소점,경북 문경시,,054-554-1655
479,서울대사거리점,서울 관악구,,02-877-6070
480,광주동림동점,광주 서구,,062-511-6850
481,도심공항점,서울 강남구,,02-2016-5400
482,광화문LG점,서울 종로구,,070-8861-6995
483,건대입구점,서울 광진구,,02-463-1983
484,야탑점,경기 성남시,,031-705-7077
485,구로디지털단지점,서울 구로구,,02-2621-2888
486,광화문점,서울 중구,,02-738-8004
487,청담점,서울 강남구,,02-515-9915
488,진주교대점,경남 진주시,,055-745-3303
489,계양점,인천 계양구,,032-551-1166
490,방이점,서울 송파구,,02-415-7705
491,광주봉선점,광주 남구,,062-651-7888
492,이수역점,서울 동작구,,02-588-4845
493,화양점,서울 광진구,,02-497-5933
494,안산NC고잔점,경기 안산시 단원구,,031-436-4181
495,방배점,서울 서초구,,02-581-4858
496,분당서현점,경기 고양시 일산동구,,031-781-6254
497,부천중동점,경기 부천시 원미구,,032-325-6766
498,제주이도점,제주 제주시,,064-752-3005
499,돈암점,서울 성북구,,02-924-6114
500,테크노마트점,서울 광진구,,02-3424-8484
501,산본점,경기 군포시,,031-392-5999
502,광주충장로점,광주 동구,,062-223-0688
503,교통회관점,서울 송파구,,02-3431-1120
504,영등포점,서울 영등포구,,02-4159-8897
505,역삼스타점,서울 강남구,,02-501-4142
506,부산경성대2호점,부산 남구,,051-611-3021
507,김포공항점,서울 강서구,,02-2064-0312
508,여의도하나투자점,서울 영등포구,,02-761-7231
509,구산역점,서울 은평구,,02-351-3094
510,부산송정점,부산 해운대구,,051-701-5591
511,광나루역점,서울 광진구,,02-444-0542
512,부산광안대교점,부산 수영구,,051-754-9985
513,광주전남대점,광주 북구,,062-251-1966
514,대전도안DT점,대전 유성구,,042-824-4931
515,세로수길점,서울 강남구,,02-511-1473
516,목동점,서울 양천구,,02-2062-1063
517,광주아울렛점,광주 서구,,062-385-5122
518,울산디자인거리점,울산 남구,,052-256-0566
519,분당율동공원점,경기 성남시 분당구,,031-701-0680
520,당산역점,서울 영등포구,,02-2631-3446
521,무교점,서울 중구,,02-318-0988
522,수원권선행복점,경기 수원시 권선구,,031-221-7895
523,종로본점,서울 종로구,,02-734-2838
524,부산동래역점,부산 동래구,,051-552-2990
525,연신내점,서울 은평구,,02-388-3977
526,건대일감호수점,서울 광진구,,02-456-6627
527,잠실광고회관점,서울 송파구,,02-2144-0888
528,창원상남점,경남 창원시 성산구,,055-261-5955
529,배명사거리점,서울 송파구,,02-422-4915
530,수원태장점,경기 수원시 영통구,,031-202-3780
531,광명하안점,경기 광명시,,02-899-2088
532,서울대예술문화점,서울 관악구,,02-877-7186
533,낙성대역점,서울 관악구,,070-4716-0775
534,한남순천향점,서울 용산구,,02-749-6977
535,노원문화의거리점,서울 노원구,,02-935-8231
536,송탄점,경기 평택시,,031-667-1229
537,부산해운대점,부산 해운대구,,051-746-1463
538,도곡점,서울 강남구,,02-6204-3311
539,대명거리점,서울 종로구,,02-747-0348
540,부산경성대점,부산 남구,,051-611-6893
541,분당수내엔타워점,경기 성남시 분당구,,031-712-0341
542,인천한옥마을점,인천 연수구,,032-831-0337
543,인천구월로데오점,인천 남동구,,032-421-0399
544,강남역점,서울 강남구,,02-555-0890
545,대전둔산청솔점,대전 서구,,042-489-7990
546,수원권선점,경기 수원시 권선구,,031-302-2601
547,인천동암역점,인천 부평구,,032-277-2010
548,용산더프라임점,서울 용산구,,02-6362-7990
549,마산터미널점,경남 창원시 마산회원구,,055-251-5698
550,세종로점,서울 종로구,,02-720-5582
551,광장점,서울 광진구,,070-4706-0293
552,청주하복대점,충북 청주시 흥덕구,,043-234-4069
553,수원역점,경기 수원시 팔달구,,031-257-3313
554,종로코리안리빌딩점,서울 종로구,,070-4733-4828
555,구반포역점,서울 서초구,,02-537-9386
556,성남터미널점,경기 성남시 분당구,,031-725-1004
557,합정역점,서울 마포구,,02-6204-1234
558,부산달맞이점,부산 해운대구,,051-731-3410
559,신흥역점,경기 성남시 수정구,,031-626-6140
560,아주대점,경기 수원시 영통구,,031-211-2884
561,신림점,서울 관악구,,02-877-0019
562,신논현역점,서울 강남구,,02-545-6077
563,태평로점,서울 중구,,02-755-7795
564,이태원점,서울 용산구,,02-749-8752
565,부산서면본점,부산 부산진구,,051-819-9117
566,신촌점,서울 서대문구,,02-393-2004
